Identifiant de l'accident;Date et heure;Commune;Année;Mois;Jour;Heure minute;Lumière;Localisation;Intersection;Conditions atmosphériques;Collision;Département;Code commune;Code Insee;Adresse;Latitude;Longitude;Code Postal;Numéro;Coordonnées;PR;Surface;V1;Circulation;Voie réservée;Env1;Voie;Largeur de la chaussée;V2;Largeur terre plein central;Nombre de voies;Catégorie route;PR1;Plan;Profil;Infrastructure;Situation;Année de naissance;Sexe;Action piéton;Gravité;Existence équipement de sécurité;Utilisation équipement de sécurité;Localisation du piéton;Identifiant véhicule;Place;Catégorie d'usager;Piéton seul ou non;Motif trajet;Point de choc;Manœuvre;Sens;Obstacle mobile heurté;Obstacle fixe heurté;Catégorie véhicule;Nombre d'occupants;Gps;date;year_georef;Nom Officiel Commune;Code Officiel Département;Nom Officiel Département;Code Officiel EPCI;Nom Officiel EPCI;Code Officiel Région;Nom Officiel Région;Nom Officiel Commune / Arrondissement Municipal;Code Officiel Commune
201500042564;2015-09-01T09:30:00+02:00;Fontenay-sous-bois;2015;09;01;09:30;Plein jour;En agglomération;1;Pluie légère;Deux véhicules – par le coté;94;033;94033;13, PRESIDENT ROOSEVELT;;;94120;13;48.84253,2.464298;;mouillée;;Bidirectionnelle;;00;0;0;;0;2;Voie Communale;;Partie rectiligne;Plat;;Sur chaussée;1955,1986;Féminin,Masculin;Se déplaçant,Se déplaçant;Blessé,Indemne;Autre,Ceinture;Non déterminable,Oui;;A01,B01;1,1;Conducteur,Conducteur;;Domicile – travail;Avant gauche,Chocs multiples (tonneaux);Tournant A gauche,Dépassant A gauche;;Autre,Véhicule;;VL seul,Bicyclette;;;;2015;Fontenay-sous-Bois;94;Val-de-Marne;;;11;Île-de-France;Fontenay-sous-Bois;94033
201800042082;2018-03-29T08:15:00+02:00;Fontenay-sous-bois;2018;03;29;08:15;Plein jour;En agglomération;2;Normale;Deux véhicules – par le coté;94;033;94033;VERDUN / BERT;4885120;0247443;94120;;48.851254,2.474431;;normale;;Bidirectionnelle;;03;241;50;;0;2;Route Départementale;0;Partie rectiligne;Plat;;Sur chaussée;2001,1945;Féminin,Masculin;Se déplaçant,Se déplaçant;Blessé,Indemne;Autre,Ceinture;Non déterminable,Oui;;A01,B01;1,1;Conducteur,Conducteur;;Domicile – école,Promenade – loisirs;Arrière droit,Avant;Même sens,Même sens;;Véhicule,Véhicule;;VL seul,Bicyclette;;Métropole;;2018;Fontenay-sous-Bois;94;Val-de-Marne;200054781;Métropole du Grand Paris;11;Île-de-France;Fontenay-sous-Bois;94033
201800042112;2018-11-17T19:50:00+01:00;Fontenay-sous-bois;2018;11;17;19:50;Nuit sans éclairage public;En agglomération;1;Normale;Deux véhicules – par l’arrière;94;033;94033;PARMENTIER (AV);4885274;0244939;94120;;48.854291,2.454278;0;normale;;Bidirectionnelle;;99;;;;;2;Voie Communale;0;Partie rectiligne;Pente;;Sur chaussée;1985;Féminin;;Blessé;Casque;Oui;;Z01,A01;1;Conducteur;;Domicile – travail;Arrière,Avant;Dépassant A gauche,Sans changement de direction;PK ou PR ou numéro d’adresse postale décroissant,PK ou PR ou numéro d’adresse postale décroissant;Véhicule,Véhicule;;VL seul,Bicyclette;;Métropole;;2018;Fontenay-sous-Bois;94;Val-de-Marne;200054781;Métropole du Grand Paris;11;Île-de-France;Fontenay-sous-Bois;94033
201800042074;2018-01-08T17:50:00+01:00;Fontenay-sous-bois;2018;01;08;17:50;Crépuscule ou aube;En agglomération;1;Normale;Deux véhicules - frontale;94;033;94033;10, R DE LA MAISON ROUGE;4884981;0246544;94120;10;48.849414,2.465102;;normale;;A sens unique;;99;0;30;;0;1;Voie Communale;;Partie rectiligne;Plat;;Sur chaussée;2002,1987;Masculin,Masculin;Se déplaçant,Se déplaçant;Blessé,Indemne;Casque,Ceinture;Oui,Oui;;B01,A01;1,1;Conducteur,Conducteur;;Promenade – loisirs,Promenade – loisirs;Avant,Avant gauche;Sans changement de direction,Sans changement de direction;PK ou PR ou numéro d’adresse postale décroissant,PK ou PR ou numéro d’adresse postale croissant;Véhicule,Véhicule;;Bicyclette,VL seul;;Métropole;;2018;Fontenay-sous-Bois;94;Val-de-Marne;200054781;Métropole du Grand Paris;11;Île-de-France;Fontenay-sous-Bois;94033
201600042715;2016-05-24T09:15:00+02:00;Fontenay-sous-bois;2016;05;24;09:15;Plein jour;En agglomération;1;Normale;Deux véhicules – par le coté;94;033;94033;17, LOUISON BOBET;4885240;0248704;94120;17;48.852379,2.486918;;normale;;A chaussées séparées;;99;143;60;;0;4;Route Départementale;;Partie rectiligne;Pente;;Sur chaussée;1972,1963;Féminin,Masculin;Se déplaçant,Se déplaçant;Blessé,Indemne;Autre,Ceinture;Non déterminable,Oui;;B01,A01;1,1;Conducteur,Conducteur;;Domicile – travail,Utilisation professionnelle;Côté gauche,Côté droit;Sans changement de direction,Sans changement de direction;PK ou PR ou numéro d’adresse postale décroissant,PK ou PR ou numéro d’adresse postale décroissant;Véhicule,Véhicule;;Bicyclette,PL seul > 7;;Métropole;;2016;Fontenay-sous-Bois;94;Val-de-Marne;200054781;Métropole du Grand Paris;11;Île-de-France;Fontenay-sous-Bois;94033
201500042563;2015-08-19T18:35:00+02:00;Fontenay-sous-bois;2015;08;19;18:35;Plein jour;En agglomération;6;Normale;Deux véhicules – par l’arrière;94;033;94033;GENERAL DE GAULLE (PL DU;;;94120;;48.852295,2.485295;1;;;Avec voies d’affectation variable;;00;0;150;;0;0;Route Départementale;0;En courbe à gauche;Pente;Carrefour aménagé;Sur chaussée;1980,1991;Masculin,Masculin;Se déplaçant,Se déplaçant;Blessé,Indemne;Autre,Casque;Non déterminable,Oui;;A01,B01;1,1;Conducteur,Conducteur;;Domicile – travail,Domicile – travail;Avant,Arrière;Tournant A droite,Tournant A droite;;Autre,Véhicule;;Motocyclette > 125 cm3,Bicyclette;;;;2015;Fontenay-sous-Bois;94;Val-de-Marne;;;11;Île-de-France;Fontenay-sous-Bois;94033
201300043517;2013-01-25T07:15:00+01:00;Fontenay-sous-bois;2013;01;25;07:15;Nuit avec éclairage public allumé;En agglomération;2;Normale;Deux véhicules – par le coté;94;033;94033;NEUILLY (R DE);;;94120;;48.847432,2.475969;1;normale;;A sens unique;;99;0;0;;0;1;Voie Communale;0;Partie rectiligne;Pente;;Sur chaussée;1969,1959;Masculin,Masculin;Se déplaçant,Se déplaçant;Indemne,Blessé;Autre,Casque;Non déterminable,Non;;B01,A01;1,1;Conducteur,Conducteur;;Utilisation professionnelle,Domicile – travail;Avant,Côté droit;Sans changement de direction,Sans changement de direction;;Véhicule;;Autobus,Bicyclette;;;;2015;Fontenay-sous-Bois;94;Val-de-Marne;;;11;Île-de-France;Fontenay-sous-Bois;94033
201500042566;2015-09-09T21:05:00+02:00;Fontenay-sous-bois;2015;09;09;21:05;Nuit sans éclairage public;En agglomération;1;Normale;Deux véhicules – par le coté;94;033;94033;MARECHAL JOFFRE (AV DU);;;94120;;48.85315,2.47627;1;normale;;;;99;0;0;;0;2;Voie Communale;0;Partie rectiligne;Pente;;Sur chaussée;1981,1982;Masculin,Masculin;Se déplaçant,Se déplaçant;Blessé,Blessé;Autre,Casque;Oui,Oui;;B01,A01;1,1;Conducteur,Conducteur;;Promenade – loisirs,Promenade – loisirs;Avant,Côté gauche;Sans changement de direction;;Véhicule,Véhicule;;Cyclomoteur <50cm3,Bicyclette;;;;2015;Fontenay-sous-Bois;94;Val-de-Marne;;;11;Île-de-France;Fontenay-sous-Bois;94033
201900041620;2019-07-19T17:35:00+02:00;Fontenay-sous-bois;2019;07;19;17:35;Plein jour;En agglomération;3;Normale;Autre collision;94;94033;94033;ROGER SALENGRO (R);48,8516200;2,4869300;94120;;48.850687,2.488363;1;normale;0;Bidirectionnelle;;;ROGER SALENGRO (R);;;;2;Voie Communale;0;Partie rectiligne;Plat;;Sur chaussée;1988,1997;Masculin,Masculin;Traversant,-1;Blessé,Indemne;;;Sur passage piéton - Sans signalisation lumineuse,-1;A01;10,1;Piéton,Conducteur;Seul,-1;Domicile – travail,Promenade – loisirs;;Manœuvre d’évitement;PK ou PR ou numéro d’adresse postale croissant;Piéton;;Bicyclette;;;;2019;Fontenay-sous-Bois;94;Val-de-Marne;200054781;Métropole du Grand Paris;11;Île-de-France;Fontenay-sous-Bois;94033
201900041953;2019-05-16T19:00:00+02:00;Fontenay-sous-bois;2019;05;16;19:00;Plein jour;En agglomération;2;Normale;Deux véhicules – par l’arrière;94;94033;94033;PEPINIERE (AV DE LA);48,8453200;2,4511200;94120;;48.845129,2.45098;1;normale;0;Bidirectionnelle;;;PEPINIERE (AV DE LA);;;;2;Voie Communale;0;Partie rectiligne;Plat;;Sur chaussée;1976,1995;Féminin,Masculin;-1,-1;Blessé,Indemne;;;-1,-1;A01,B01;1,1;Conducteur,Conducteur;-1,-1;Autre,Domicile – travail;Avant,Arrière;Dépassant A droite,Tournant A gauche;3,3;Véhicule;;Bicyclette,Cyclomoteur <50cm3;;;;2019;Fontenay-sous-Bois;94;Val-de-Marne;200054781;Métropole du Grand Paris;11;Île-de-France;Fontenay-sous-Bois;94033
201600042729;2016-09-22T09:15:00+02:00;Fontenay-sous-bois;2016;09;22;09:15;Plein jour;En agglomération;3;Normale;Deux véhicules – par le coté;94;033;94033;ERNEST RENAN (AV);;;94120;;48.856186,2.462689;1;normale;;Bidirectionnelle;;99;0;0;;0;1;Voie Communale;0;Partie rectiligne;Plat;;Sur chaussée;1977,1986;Masculin,Masculin;Se déplaçant,Se déplaçant;Blessé,Indemne;Casque,Ceinture;Oui,Oui;;A01,B01;1,1;Conducteur,Conducteur;;Domicile – travail,Promenade – loisirs;Arrière droit,Avant gauche;Tournant A gauche,Sans changement de direction;;Autre,Véhicule;;VL seul,Bicyclette;;;;2016;Fontenay-sous-Bois;94;Val-de-Marne;200054781;Métropole du Grand Paris;11;Île-de-France;Fontenay-sous-Bois;94033
201600042732;2016-09-28T09:25:00+02:00;Fontenay-sous-bois;2016;09;28;09:25;Plein jour;En agglomération;1;Normale;Deux véhicules – par le coté;94;033;94033;CHARMES (AV DES);;;94120;;48.84546,2.453879;1;normale;;A sens unique;;99;0;0;;0;0;Voie Communale;0;Partie rectiligne;Plat;;Sur chaussée;1985,1968;Masculin,Féminin;Se déplaçant,Se déplaçant;Indemne,Blessé;Ceinture,Autre;Oui,Non déterminable;;A01,B01;1,1;Conducteur,Conducteur;;Utilisation professionnelle;Côté droit;Dépassant A gauche;;Autre;;PL seul > 7,Bicyclette;;;;2016;Fontenay-sous-Bois;94;Val-de-Marne;200054781;Métropole du Grand Paris;11;Île-de-France;Fontenay-sous-Bois;94033
201500042556;2015-06-19T19:00:00+02:00;Fontenay-sous-bois;2015;06;19;19:00;Plein jour;En agglomération;1;Normale;Deux véhicules - frontale;94;033;94033;CHARLES GARCIA (AV);;;94120;;48.855987,2.482032;1;normale;;Bidirectionnelle;;00;0;0;;0;0;Voie Communale;0;Partie rectiligne;Plat;;Sur chaussée;1961,2004;Féminin,Masculin;Se déplaçant,Se déplaçant;Indemne,Blessé;Ceinture,Casque;Oui,Non;;B01,A01;1,1;Conducteur,Conducteur;;;Avant,Avant droit;;;Véhicule;;"Bicyclette,Voiturette (Quadricycle à moteur carrossé) (anciennement ""voiturette ou tricycle à moteur"")";;;;2015;Fontenay-sous-Bois;94;Val-de-Marne;;;11;Île-de-France;Fontenay-sous-Bois;94033
201600042699;2016-01-18T09:30:00+01:00;Fontenay-sous-bois;2016;01;18;09:30;Plein jour;En agglomération;2;Normale;Deux véhicules – par le coté;94;033;94033;ROUBLOT / FERRY;4885020;0246091;94120;;48.850226,2.460562;1;normale;;A sens unique;;03;0;0;;0;1;Voie Communale;0;Partie rectiligne;Plat;;Sur chaussée;1953,1975;Masculin,Féminin;Se déplaçant,Se déplaçant;Blessé,Indemne;Casque,Ceinture;Oui,Oui;;A01,B01;1,1;Conducteur,Conducteur;;Domicile – école,Autre;Côté gauche,Avant;Sans changement de direction,Sans changement de direction;;Véhicule,Véhicule;;VL seul,Bicyclette;;Métropole;;2016;Fontenay-sous-Bois;94;Val-de-Marne;200054781;Métropole du Grand Paris;11;Île-de-France;Fontenay-sous-Bois;94033
201900014804;2019-12-31T14:38:00+01:00;Fontenay-sous-bois;2019;12;31;14:38;Plein jour;En agglomération;2;Normale;Deux véhicules – par le coté;94;94033;94033;COMMANDANT JEAN DUHAIL (R DU);48,8436908;2,4661609;94120;;48.845039,2.467738;0;normale;0;A sens unique;;;240;;;;1;Route Départementale;0;Partie rectiligne;Plat;;Sur chaussée;2010,1989;Masculin,Masculin;-1,-1;Blessé,Indemne;;;-1,-1;Y01,A01;1,1;Conducteur,Conducteur;-1,-1;Promenade – loisirs,Utilisation professionnelle;Avant,Côté gauche;Sans changement de direction,Sans changement de direction;PK ou PR ou numéro d’adresse postale décroissant,PK ou PR ou numéro d’adresse postale croissant;Véhicule,Véhicule;;Bicyclette,VU seul 1;;;;2019;Fontenay-sous-Bois;94;Val-de-Marne;200054781;Métropole du Grand Paris;11;Île-de-France;Fontenay-sous-Bois;94033
201900024987;2019-06-29T16:00:00+02:00;Fontenay-sous-bois;2019;06;29;16:00;Plein jour;En agglomération;1;Normale;Deux véhicules – par l’arrière;94;94033;94033;MARECHAL JOFFRE (AV DU);48,8534000;2,4754000;94120;;48.85315,2.47627;1;normale;0;-1;;;MARECHAL JOFFRE (AV DU);;;;2;Voie Communale;0;Partie rectiligne;Pente;;Sur chaussée;1978,1987;Masculin,Masculin;-1,-1;Indemne,Blessé;;;-1,-1;B01,A01;1,1;Conducteur,Conducteur;-1,-1;Promenade – loisirs,Promenade – loisirs;Avant,Arrière gauche;Sans changement de direction,Tournant A gauche;PK ou PR ou numéro d’adresse postale croissant,PK ou PR ou numéro d’adresse postale croissant;Véhicule,Véhicule;;"Bicyclette,Voiturette (Quadricycle à moteur carrossé) (anciennement ""voiturette ou tricycle à moteur"")";;;;2019;Fontenay-sous-Bois;94;Val-de-Marne;200054781;Métropole du Grand Paris;11;Île-de-France;Fontenay-sous-Bois;94033
201900057652;2019-02-14T21:00:00+01:00;Fontenay-sous-bois;2019;02;14;21:00;Nuit avec éclairage public allumé;En agglomération;1;Normale;Deux véhicules – par le coté;94;94033;94033;CLOS D ORLEANS (R DU);48,8436000;2,4665400;94120;;48.843119,2.469249;0;normale;0;A sens unique;Piste cyclable;;CLOS D ORLEANS (R DU);;;;1;Voie Communale;0;Partie rectiligne;Plat;;Sur chaussée;1999,1994,1966,1994;Masculin,Masculin,Féminin,Féminin;-1,-1,-1,-1;Indemne,Indemne,Blessé,Blessé;;;-1,-1,-1,-1;B01,A01;1,1,7,2;Conducteur,Conducteur,Passager,Passager;-1,-1,-1,-1;Utilisation professionnelle,Utilisation professionnelle,Promenade – loisirs,Promenade – loisirs;Avant;Même sens;PK ou PR ou numéro d’adresse postale croissant,PK ou PR ou numéro d’adresse postale croissant;;;Bicyclette,Autobus;3;;;2019;Fontenay-sous-Bois;94;Val-de-Marne;200054781;Métropole du Grand Paris;11;Île-de-France;Fontenay-sous-Bois;94033
201600042724;2016-07-26T09:00:00+02:00;Fontenay-sous-bois;2016;07;26;09:00;Plein jour;En agglomération;1;Normale;Deux véhicules – par le coté;94;033;94033;28, VINCENNES (BD DE);;;94120;28;48.844537,2.461745;;normale;;A sens unique;;99;0;0;;0;1;Voie Communale;;Partie rectiligne;Plat;;Sur chaussée;1960,1995;Féminin,Masculin;Se déplaçant,Se déplaçant;Indemne,Blessé;Casque,Casque;Non,Oui;;B01,A01;1,1;Conducteur,Conducteur;;Domicile – travail;Côté droit,Côté gauche;Sans changement de direction,Déporté A gauche;;;;Scooter < 50 cm3,Bicyclette;;;;2016;Fontenay-sous-Bois;94;Val-de-Marne;200054781;Métropole du Grand Paris;11;Île-de-France;Fontenay-sous-Bois;94033
201700044496;2017-06-01T09:45:00+02:00;Fontenay-sous-bois;2017;06;01;09:45;Plein jour;En agglomération;3;Normale;Deux véhicules – par l’arrière;94;033;94033;ORMES / GUERIN LEROUX;4884897;0247626;94120;;48.849542,2.475127;1;normale;;A sens unique;Piste cyclable;03;0;0;;0;1;Voie Communale;0;Partie rectiligne;Plat;;Sur chaussée;1955,1992;Masculin,Féminin;Se déplaçant,Se déplaçant;Indemne,Blessé;Ceinture,Casque;Oui,Oui;;B01,A01;1,1;Conducteur,Conducteur;;Utilisation professionnelle;Côté droit,Arrière droit;Sans changement de direction,En marche arrière;;Véhicule,Véhicule;;Bicyclette,VL seul;;Métropole;;2017;Fontenay-sous-Bois;94;Val-de-Marne;200054781;Métropole du Grand Paris;11;Île-de-France;Fontenay-sous-Bois;94033
201500042557;2015-06-26T19:24:00+02:00;Fontenay-sous-bois;2015;06;26;19:24;Plein jour;En agglomération;1;Normale;Deux véhicules – par le coté;94;033;94033;13, PRESIDENT ROOSEVELT;;;94120;13;48.84253,2.464298;;normale;;Bidirectionnelle;;99;0;0;;0;1;Voie Communale;;Partie rectiligne;Plat;;Sur chaussée;1971,1949;Masculin,Masculin;Se déplaçant,Se déplaçant;Blessé,Indemne;Casque,Ceinture;Oui,Oui;;B01,A01;1,1;Conducteur,Conducteur;;Domicile – travail;Arrière droit,Avant;Même sens,Même sens;;Autre,Véhicule;;VL seul,Bicyclette;;;;2015;Fontenay-sous-Bois;94;Val-de-Marne;;;11;Île-de-France;Fontenay-sous-Bois;94033
201600042722;2016-06-23T12:15:00+02:00;Fontenay-sous-bois;2016;06;23;12:15;Plein jour;En agglomération;1;Normale;Deux véhicules – par le coté;94;033;94033;15, CHARMES (AV DES);;;94120;15;48.84546,2.453879;;normale;;A sens unique;;99;0;0;;0;1;Voie Communale;;Partie rectiligne;Plat;;;1957,1959,1982;Masculin,Masculin,Masculin;Se déplaçant,Se déplaçant,Se déplaçant;Blessé,Blessé,Indemne;Casque,Casque,Autre;Oui,Oui,Non déterminable;;A01,B01;5,1,1;Passager,Conducteur,Conducteur;;Promenade – loisirs,Promenade – loisirs,Utilisation professionnelle;Côté droit,Avant gauche;Même sens;;Autre;;Autobus,Bicyclette;;;;2016;Fontenay-sous-Bois;94;Val-de-Marne;200054781;Métropole du Grand Paris;11;Île-de-France;Fontenay-sous-Bois;94033
201800042092;2018-06-14T21:50:00+02:00;Fontenay-sous-bois;2018;06;14;21:50;Crépuscule ou aube;En agglomération;2;Normale;Deux véhicules – par le coté;94;033;94033;PARMENTIER (AV);4885361;0245241;94120;;48.854291,2.454278;1;normale;;Bidirectionnelle;;00;0;42;;0;2;Voie Communale;0;Partie rectiligne;Pente;;Sur chaussée;1995,1995;Masculin,Masculin;Se déplaçant,Se déplaçant;Indemne,Blessé;Ceinture,Autre;Non déterminable,Non déterminable;;B01,A01;1,1;Conducteur,Conducteur;;Domicile – travail;Avant gauche,Avant;Sans changement de direction,Sans changement de direction;;Autre,Véhicule;;VL seul,Bicyclette;;Métropole;;2018;Fontenay-sous-Bois;94;Val-de-Marne;200054781;Métropole du Grand Paris;11;Île-de-France;Fontenay-sous-Bois;94033
201500042537;2015-01-28T08:00:00+01:00;Fontenay-sous-bois;2015;01;28;08:00;Plein jour;En agglomération;1;Pluie légère;Deux véhicules – par l’arrière;94;033;94033;85, REPUBLIQUE (AV DE LA;;;94120;85;48.853056,2.457798;;mouillée;;Bidirectionnelle;;00;0;0;;0;0;Voie Communale;;En courbe à droite;Pente;;Sur chaussée;1954,1967;Masculin,Masculin;Se déplaçant,Se déplaçant;Indemne,Blessé;Ceinture,Casque;Oui,Non;;A01,B01;1,1;Conducteur,Conducteur;;Promenade – loisirs,Domicile – travail;Avant,Avant gauche;Dépassant A gauche,Arrêté (hors stationnement);;Véhicule;;Bicyclette,VL seul;;;;2015;Fontenay-sous-Bois;94;Val-de-Marne;;;11;Île-de-France;Fontenay-sous-Bois;94033
201300043546;2013-09-11T09:25:00+02:00;Fontenay-sous-bois;2013;09;11;09:25;Plein jour;En agglomération;1;Normale;Deux véhicules – par le coté;94;033;94033;23, NEUILLY (R DE);;;94120;23;48.847477,2.475249;;normale;;A sens unique;;99;0;0;;0;1;Voie Communale;;Partie rectiligne;Pente;;Sur trottoir;1986,1975;Masculin,Féminin;Se déplaçant,Se déplaçant;Indemne,Blessé;Ceinture,Casque;Non déterminable,Non déterminable;;B01,A01;1,1;Conducteur,Conducteur;;Utilisation professionnelle,Domicile – travail;Côté droit;;;;;VU seul 1,Bicyclette;;;;2015;Fontenay-sous-Bois;94;Val-de-Marne;;;11;Île-de-France;Fontenay-sous-Bois;94033
201400044412;2014-12-17T09:10:00+01:00;Fontenay-sous-bois;2014;12;17;09:10;Plein jour;En agglomération;1;Pluie légère;Autre collision;94;033;94033;24, RESISTANCE (R DE LA);;;94120;24;48.846112,2.477906;;mouillée;;Bidirectionnelle;;99;0;0;;0;0;Voie Communale;;Partie rectiligne;Plat;;Sur chaussée;1945,1982;Féminin,Féminin;Se déplaçant,Se déplaçant;Indemne,Blessé;Ceinture,Casque;Oui,Non;;B01,A01;1,1;Conducteur,Conducteur;;Promenade – loisirs,Domicile – travail;Avant,Côté gauche;Sans changement de direction,Ouverture de porte;;Autre;Véhicule en stationnement;Bicyclette,VL seul;;;;2015;Fontenay-sous-Bois;94;Val-de-Marne;;;11;Île-de-France;Fontenay-sous-Bois;94033
201700044490;2017-05-06T15:20:00+02:00;Fontenay-sous-bois;2017;05;06;15:20;Plein jour;En agglomération;1;Pluie légère;Autre collision;94;033;94033;98, MOULINS (R DES);;;94120;98;48.853116,2.46642;;mouillée;;Bidirectionnelle;;99;0;60;;0;1;Voie Communale;;Partie rectiligne;Plat;;Sur chaussée;1980,1983;Masculin,Féminin;Se déplaçant,Traversant;Indemne,Blessé;Casque,Autre;Non,Non déterminable;Sur chaussée - A – 50 m du passage piéton;A01;1;Conducteur,Piéton;Seul;Domicile – école,Autre;Avant;;;;;Bicyclette;;;;2017;Fontenay-sous-Bois;94;Val-de-Marne;200054781;Métropole du Grand Paris;11;Île-de-France;Fontenay-sous-Bois;94033
201400044403;2014-11-04T20:40:00+01:00;Fontenay-sous-bois;2014;11;04;20:40;Nuit avec éclairage public non allumé;En agglomération;3;Normale;Deux véhicules – par le coté;94;033;94033;, MAURICE BARTHELEMY (R);;;94120;;48.841483,2.475001;1;normale;;A sens unique;;99;0;0;;0;1;Voie Communale;0;Partie rectiligne;Plat;;Sur chaussée;1954,1975;Masculin,Féminin;Se déplaçant,Se déplaçant;Blessé,Indemne;Autre,Ceinture;Non déterminable,Oui;;B01,A01;1,1;Conducteur,Conducteur;;Promenade – loisirs,Promenade – loisirs;Avant,Avant droit;Sans changement de direction,Sans changement de direction;;Véhicule;;Bicyclette,VL seul;;;;2015;Fontenay-sous-Bois;94;Val-de-Marne;;;11;Île-de-France;Fontenay-sous-Bois;94033
201700044495;2017-05-30T09:40:00+02:00;Fontenay-sous-bois;2017;05;30;09:40;Plein jour;En agglomération;1;Temps couvert;Autre collision;94;033;94033;DALAYRAC (R);;;94120;;48.84889,2.462048;1;normale;;Bidirectionnelle;Voie réservée;99;0;0;;0;2;autre;0;Partie rectiligne;Plat;;Sur trottoir;1972,1997;Féminin,Masculin;Se déplaçant,Se déplaçant;Blessé,Indemne;Autre,Casque;Non déterminable,Oui;Sur trottoir;A01;1;Piéton,Conducteur;Seul;;Avant;;;Piéton;;Bicyclette;;;;2017;Fontenay-sous-Bois;94;Val-de-Marne;200054781;Métropole du Grand Paris;11;Île-de-France;Fontenay-sous-Bois;94033
201300043548;2013-09-16T17:20:00+02:00;Fontenay-sous-bois;2013;09;16;17:20;Plein jour;En agglomération;1;Pluie légère;Deux véhicules – par le coté;94;033;94033;36, VINCENNES (BD DE);;;94120;36;48.844731,2.460844;;mouillée;;A sens unique;;00;0;0;;0;1;Voie Communale;;Partie rectiligne;Plat;;Sur chaussée;1960,1999;Masculin,Masculin;Se déplaçant,Se déplaçant;Indemne,Blessé;Casque,Casque;Oui,Non déterminable;;B01,A01;1,1;Conducteur,Conducteur;;Domicile – école;Arrière droit,Avant gauche;Dépassant A gauche,Tournant A gauche;;Autre,Véhicule;;Motocyclette > 125 cm3,Bicyclette;;;;2015;Fontenay-sous-Bois;94;Val-de-Marne;;;11;Île-de-France;Fontenay-sous-Bois;94033
201900000824;2019-09-20T12:15:00+02:00;Fontenay-sous-bois;2019;09;20;12:15;Plein jour;En agglomération;1;Normale;Deux véhicules - frontale;94;94033;94033;PIERRE BROSSOLETTE (R);48,8400000;2,4700000;94120;;48.842049,2.474238;0;normale;0;Bidirectionnelle;;;PIERRE BROSSOLETTE (R);;;;1;Voie Communale;0;Partie rectiligne;Pente;;Sur chaussée;1982,2004;Féminin,Masculin;Se déplaçant,Se déplaçant;Indemne,Blessé;;;-1,-1;B01,A01;1,1;Conducteur,Conducteur;-1,-1;Promenade – loisirs,Domicile – école;Avant,Avant;Sans changement de direction,Sans changement de direction;PK ou PR ou numéro d’adresse postale décroissant,PK ou PR ou numéro d’adresse postale croissant;Véhicule,Animal sauvage;;Bicyclette,VL seul;;;;2019;Fontenay-sous-Bois;94;Val-de-Marne;200054781;Métropole du Grand Paris;11;Île-de-France;Fontenay-sous-Bois;94033
201700044518;2017-10-17T15:12:00+02:00;Fontenay-sous-bois;2017;10;17;15:12;Plein jour;En agglomération;1;Normale;Deux véhicules – par le coté;94;033;94033;33, MARECHAL DE LATTRE D;4885730;0249140;94120;33;48.857046,2.489987;;normale;;A sens unique;;99;0;0;;0;2;Voie Communale;;;Plat;;Sur chaussée;1970,1974;Masculin,Masculin;Se déplaçant,Se déplaçant;Blessé,Indemne;Autre,Ceinture;Non déterminable,Non déterminable;;A01,B01;1,1;Conducteur,Conducteur;;Promenade – loisirs,Domicile – travail;Avant gauche,Avant droit;Sans changement de direction,Déporté A droite;PK ou PR ou numéro d’adresse postale croissant,PK ou PR ou numéro d’adresse postale croissant;Autre,Véhicule;;VL seul,Bicyclette;;Métropole;;2017;Fontenay-sous-Bois;94;Val-de-Marne;200054781;Métropole du Grand Paris;11;Île-de-France;Fontenay-sous-Bois;94033
201400044386;2014-06-18T18:20:00+02:00;Fontenay-sous-bois;2014;06;18;18:20;Plein jour;En agglomération;5;Normale;Deux véhicules - frontale;94;033;94033;RENAN / DANTON;4885590;0245761;94120;;48.8538,2.459599;1;normale;;Bidirectionnelle;;99;0;0;;0;2;Voie Communale;0;Partie rectiligne;Pente;;Sur chaussée;1946,1955;Masculin,Masculin;Se déplaçant,Se déplaçant;Indemne,Blessé;Ceinture,Autre;Oui,Non;;A01,B01;1,1;Conducteur,Conducteur;;Promenade – loisirs,Domicile – travail;Côté gauche,Avant;Sans changement de direction,Sans changement de direction;;Véhicule,Véhicule;;Bicyclette,VL seul;;Métropole;;2015;Fontenay-sous-Bois;94;Val-de-Marne;;;11;Île-de-France;Fontenay-sous-Bois;94033
201300043566;2013-12-04T13:30:00+01:00;Fontenay-sous-bois;2013;12;04;13:30;Plein jour;En agglomération;3;Normale;Deux véhicules – par le coté;94;033;94033;EMILE ZOLA (R);;;94120;;48.856695,2.469022;1;normale;;Bidirectionnelle;;03;0;0;;0;2;Voie Communale;0;Partie rectiligne;Pente;;Sur chaussée;1961,1961;Masculin,Masculin;Se déplaçant,Se déplaçant;Blessé,Indemne;Autre,Casque;Non,Oui;;A01,B01;1,1;Conducteur,Conducteur;;Domicile – travail,Promenade – loisirs;Avant droit,Avant gauche;Sans changement de direction,Tournant A droite;;;;Motocyclette > 125 cm3,Bicyclette;;;;2015;Fontenay-sous-Bois;94;Val-de-Marne;;;11;Île-de-France;Fontenay-sous-Bois;94033
201600042727;2016-09-05T19:15:00+02:00;Fontenay-sous-bois;2016;09;05;19:15;Plein jour;En agglomération;1;Normale;Autre collision;94;033;94033;7, VICTOR HUGO (AV);;;94120;7;48.854113,2.470156;;mouillée;;Bidirectionnelle;;99;0;60;;0;0;Voie Communale;;Partie rectiligne;Pente;;Sur chaussée;1972,1960;Féminin,Masculin;Traversant,Se déplaçant;Blessé,Blessé;Autre,Casque;Non déterminable,Non déterminable;Sur passage piéton - Avec signalisation lumineuse;A01;1;Piéton,Conducteur;En groupe;Promenade – loisirs,Domicile – travail;Avant;;;Piéton;;Bicyclette;;;;2016;Fontenay-sous-Bois;94;Val-de-Marne;200054781;Métropole du Grand Paris;11;Île-de-France;Fontenay-sous-Bois;94033
201900011350;2019-12-18T09:00:00+01:00;Fontenay-sous-bois;2019;12;18;09:00;Plein jour;En agglomération;2;Normale;Deux véhicules – par le coté;94;94033;94033;PEPINIERE (AV DE LA);48,8444700;2,4507800;94120;;48.845129,2.45098;1;normale;0;Bidirectionnelle;Piste cyclable;;PEPINIERE (AV DE LA);;;;2;Voie Communale;0;Partie rectiligne;Plat;;Sur chaussée;1989,1980;Masculin,Féminin;-1,-1;Indemne,Blessé;;;-1,-1;B01,A01;1,1;Conducteur,Conducteur;-1,-1;Utilisation professionnelle,Domicile – travail;Avant,Côté droit;Sans changement de direction,Manœuvre d’évitement;3,PK ou PR ou numéro d’adresse postale croissant;Véhicule,Véhicule;;VU seul 1,Bicyclette;;;;2019;Fontenay-sous-Bois;94;Val-de-Marne;200054781;Métropole du Grand Paris;11;Île-de-France;Fontenay-sous-Bois;94033
201200046683;2012-09-07T17:30:00+02:00;Fontenay-sous-bois;2012;09;07;17:30;Plein jour;En agglomération;3;Normale;Deux véhicules - frontale;94;033;94033;51, MARECHAL JOFFRE (AV;;;94120;51;48.853863,2.474239;;normale;;Bidirectionnelle;;00;0;0;;0;2;Route Départementale;;Partie rectiligne;Pente;;Sur chaussée;1971,2000;Féminin,Masculin;Se déplaçant,Se déplaçant;Indemne,Blessé;Ceinture,Equipement réfléchissant;Oui,Non déterminable;;B01,A01;1,1;Conducteur,Conducteur;;Domicile – travail,Promenade – loisirs;Avant droit,Avant;Tournant A gauche,Sans changement de direction;;Véhicule,Véhicule;;VL seul,Bicyclette;;;;2015;Fontenay-sous-Bois;94;Val-de-Marne;;;11;Île-de-France;Fontenay-sous-Bois;94033
201800042096;2018-07-07T20:30:00+02:00;Fontenay-sous-bois;2018;07;07;20:30;Plein jour;En agglomération;1;Normale;Autre collision;94;033;94033;70, VERDUN (BD DE);4885390;0246971;94120;70;48.853827,2.469599;;normale;;Bidirectionnelle;;99;241;14;;0;3;Route Départementale;;Partie rectiligne;Plat;;Sur chaussée;1988,1993;Masculin,Masculin;Se déplaçant,Se déplaçant;Indemne,Blessé;Autre,Casque;Non,Oui;;A01,B01;1,1;Conducteur,Conducteur;;Promenade – loisirs,Utilisation professionnelle;Avant gauche,Avant droit;Changeant de file A gauche,Même sens;PK ou PR ou numéro d’adresse postale croissant,PK ou PR ou numéro d’adresse postale croissant;Véhicule,Véhicule;;Bicyclette,Cyclomoteur <50cm3;;Métropole;;2018;Fontenay-sous-Bois;94;Val-de-Marne;200054781;Métropole du Grand Paris;11;Île-de-France;Fontenay-sous-Bois;94033
201500042561;2015-07-28T22:00:00+02:00;Fontenay-sous-bois;2015;07;28;22:00;Crépuscule ou aube;En agglomération;6;Pluie légère;Deux véhicules – par le coté;94;033;94033;STALINGRAD (AV DE);;;94120;;48.851271,2.452613;1;mouillée;;;;99;0;0;;0;0;Route Départementale;0;;;;Sur chaussée;1991,1977;Masculin,Masculin;Se déplaçant,Se déplaçant;Blessé,Indemne;Casque,Ceinture;Non,Oui;;A01,B01;1,1;Conducteur,Conducteur;;Promenade – loisirs;Avant;Tournant A gauche,Manœuvre d’évitement;;Autre,Véhicule;;VU seul 1,Bicyclette;;;;2015;Fontenay-sous-Bois;94;Val-de-Marne;;;11;Île-de-France;Fontenay-sous-Bois;94033
201400044380;2014-05-28T16:10:00+02:00;Fontenay-sous-bois;2014;05;28;16:10;Plein jour;En agglomération;2;Normale;Deux véhicules – par le coté;94;033;94033;16, VERDUN / SAINT-GERMA;4885160;0247348;94120;16;48.851614,2.473628;;normale;;Bidirectionnelle;;99;241;0;;0;2;Route Départementale;;Partie rectiligne;Plat;;Sur chaussée;2002,1981;Féminin,Masculin;Se déplaçant,Se déplaçant;Blessé,Indemne;Autre,Ceinture;Non déterminable,Oui;;B01,A01;1,1;Conducteur,Conducteur;;Promenade – loisirs,Domicile – travail;Côté droit,Avant droit;Tournant A gauche,Sans changement de direction;;Véhicule,Véhicule;;Bicyclette,VL seul;;Métropole;;2015;Fontenay-sous-Bois;94;Val-de-Marne;;;11;Île-de-France;Fontenay-sous-Bois;94033
201400044401;2014-10-28T09:45:00+01:00;Fontenay-sous-bois;2014;10;28;09:45;Plein jour;En agglomération;1;Normale;Sans collision;94;033;94033;111, GALLIENI (BD);;;94120;111;48.848165,2.4781;;normale;;;;00;0;0;;0;2;Voie Communale;;Partie rectiligne;Plat;;;1985;Masculin;Se déplaçant;Blessé;Casque;Non déterminable;;A01;1;Conducteur;;;;;;;;Bicyclette;;;2014-01-01;2015;Fontenay-sous-Bois;94;Val-de-Marne;;;11;Île-de-France;Fontenay-sous-Bois;94033
